<?xml version="1.0" encoding="UTF-8" ?>
<!DOCTYPE mapper PUBLIC "-//ibatis.apache.org//DTD Mapper 3.0//EN"
        "http://mybatis.org/dtd/mybatis-3-mapper.dtd">
<!-- 不使用namespace的话sql搜索定位会比较方便 -->
<mapper namespace="com.gm.anepoch.digitalbird.service.dao.emailtemplateinfo.EmailTemplateInfoMapper">
    <resultMap id="emailTemplateInfoResultMap" type="com.gm.anepoch.digitalbird.commons.model.EmailTemplateInfo">
        <result property="id" column="id"/>
        <result property="code" column="code"/>
        <result property="subject" column="subject"/>
        <result property="content" column="content"/>
        <result property="expireTimeCount" column="expire_time_count"/>
        <result property="createTime" column="create_time"/>
        <result property="createUser" column="create_user"/>
        <result property="updateTime" column="update_time"/>
        <result property="updateUser" column="update_user"/>
    </resultMap>
    <!-- 用于select查询公用抽取的列 -->
    <sql id="EmailTemplateInfoColumns">
        <![CDATA[
		id,code,subject,content,expire_time_count,create_time,create_user,update_time,update_user
	    ]]>
    </sql>
    <!--sql where查询条件定义-->
    <sql id="listEmailTemplateInfoWhere">
        <!-- ognl访问静态方法的表达式 为@class@method(args),以下为调用rapid中的Ognl.isNotEmpty()方法,还有其它方法如isNotBlank()可以使用，具体请查看Ognl类 -->
        <where>
            <if test="id!=null">
                AND id = #{id}
            </if>
            <if test="code!=null">
                AND code = #{code}
            </if>
            <if test="subject!=null">
                AND subject = #{subject}
            </if>
            <if test="content!=null">
                AND content = #{content}
            </if>
            <if test="createTime!=null">
                AND create_time = #{createTime}
            </if>
            <if test="createUser!=null">
                AND create_user = #{createUser}
            </if>
            <if test="updateTime!=null">
                AND update_time = #{updateTime}
            </if>
            <if test="updateUser!=null">
                AND update_user = #{updateUser}
            </if>
        </where>
    </sql>
    <!--sql limit查询条件定义-->
    <sql id="limit">
        <if test="_offset != null and _limit != null">
            limit #{_offset}, #{_limit}
        </if>
        <if test="_offset == null and _limit != null">
            limit #{_limit}
        </if>
        <if test="_offset == null and _limit == null">
            <include refid="max_limit"/>
        </if>
    </sql>

    <sql id="max_limit">
        limit 500
    </sql>

    <sql id="orderby">
        <choose>
            <when test='_orderby != null'>
                order by
                <foreach collection="_orderby" item="item" index="index" separator=",">
                    ${item}
                </foreach>
            </when>
            <otherwise>
                <include refid="orderById"/>
            </otherwise>
        </choose>
    </sql>

    <sql id="orderById">
        order by create_time desc
    </sql>

    <!-- useGeneratedKeys="true" keyProperty="xxx" for sqlserver and mysql -->
    <insert id="insert" useGeneratedKeys="true" keyProperty="id">
        INSERT INTO email_template_info
        <trim prefix="(" suffix=")" suffixOverrides=",">
            <if test="id!=null">
                id,
            </if>
            <if test="code!=null">
                code,
            </if>
            <if test="subject!=null">
                subject,
            </if>
            <if test="content!=null">
                content,
            </if>
            <if test="expireTimeCount!=null">
                expire_time_count,
            </if>
            <if test="createTime!=null">
                create_time,
            </if>
            <if test="createUser!=null">
                create_user,
            </if>
            <if test="updateTime!=null">
                update_time,
            </if>
            <if test="updateUser!=null">
                update_user,
            </if>
        </trim>
        <trim prefix="values (" suffix=")" suffixOverrides=",">
            <if test="id!=null">
                #{id,jdbcType=BIGINT},
            </if>
            <if test="code!=null">
                #{code,jdbcType=VARCHAR},
            </if>
            <if test="subject!=null">
                #{subject,jdbcType=VARCHAR},
            </if>
            <if test="content!=null">
                #{content,jdbcType=LONGVARCHAR},
            </if>
            <if test="expireTimeCount!=null">
                #{expireTimeCount,jdbcType=BIGINT},
            </if>
            <if test="createTime!=null">
                #{createTime,jdbcType=TIMESTAMP},
            </if>
            <if test="createUser!=null">
                #{createUser,jdbcType=VARCHAR},
            </if>
            <if test="updateTime!=null">
                #{updateTime,jdbcType=TIMESTAMP},
            </if>
            <if test="updateUser!=null">
                #{updateUser,jdbcType=TIMESTAMP}
            </if>
        </trim>
    </insert>

    <update id="update">
        UPDATE email_template_info SET
        <trim suffixOverrides=",">
            <if test="code!=null">
                code = #{code,jdbcType=VARCHAR} ,
            </if>
            <if test="subject!=null">
                subject = #{subject,jdbcType=VARCHAR} ,
            </if>
            <if test="content!=null">
                content = #{content,jdbcType=LONGVARCHAR} ,
            </if>
            <if test="createTime!=null">
                create_time = #{createTime,jdbcType=TIMESTAMP} ,
            </if>
            <if test="createUser!=null">
                create_user = #{createUser,jdbcType=VARCHAR} ,
            </if>
            <if test="updateTime!=null">
                update_time = #{updateTime,jdbcType=TIMESTAMP} ,
            </if>
            <if test="updateUser!=null">
                update_user = #{updateUser,jdbcType=TIMESTAMP} ,
            </if>
        </trim>
        WHERE
        id = #{id}
    </update>

    <!--逻辑删除记录-->
    <delete id="delete">
        UPDATE email_template_info SET delete_flag = 1
        <include refid="listEmailTemplateInfoWhere"/>
    </delete>

    <!--
    	分页查询已经使用Dialect进行分页,也可以不使用Dialect直接编写分页
    	因为分页查询将传 offset,pageSize,lastRows 三个参数,不同的数据库可以根于此三个参数属性应用不同的分页实现
    -->

    <!--全量查询-->
    <select id="list" resultMap="emailTemplateInfoResultMap">
        SELECT
        <include refid="EmailTemplateInfoColumns"/>
        FROM email_template_info
        <include refid="listEmailTemplateInfoWhere"/>
    </select>

    <!--该方法适用于，获取的数据条数小于等于1 如有特殊需要自己实现-->
    <select id="getDetailById" resultMap="emailTemplateInfoResultMap">
        SELECT
        <include refid="EmailTemplateInfoColumns"/>
        FROM email_template_info
        where id = #{id}
    </select>

    <!--该方法适用于，获取的数据条数小于等于1 如有特殊需要自己实现-->
    <select id="getDetailByCode" resultMap="emailTemplateInfoResultMap">
        SELECT
        <include refid="EmailTemplateInfoColumns"/>
        FROM email_template_info
        where code = #{code}
    </select>
</mapper>

