<?xml version="1.0" encoding="UTF-8" ?>
<!DOCTYPE mapper PUBLIC "-//ibatis.apache.org//DTD Mapper 3.0//EN"
        "http://mybatis.org/dtd/mybatis-3-mapper.dtd">


<!-- 不使用namespace的话sql搜索定位会比较方便 -->
<mapper namespace="com.gm.anepoch.digitalbird.service.dao.emailsendrecord.EmailSendRecordMapper">
    <resultMap id="emailSendRecordResultMap" type="com.gm.anepoch.digitalbird.commons.model.EmailSendRecord">
        <result property="id" column="id"/>
        <result property="appName" column="app_name"/>
        <result property="biz" column="biz"/>
        <result property="templateCode" column="template_code"/>
        <result property="messageId" column="message_id"/>
        <result property="addressFrom" column="address_from"/>
        <result property="addressTo" column="address_to"/>
        <result property="addressCc" column="address_cc"/>
        <result property="addressBcc" column="address_bcc"/>
        <result property="subject" column="subject"/>
        <result property="content" column="content"/>
        <result property="validateCode" column="validate_code"/>
        <result property="attachments" column="attachments"/>
        <result property="status" column="status"/>
        <result property="retryCount" column="retry_count"/>
        <result property="expireTimeCount" column="expire_time_count"/>
        <result property="expireTime" column="expire_time"/>
        <result property="createTime" column="create_time"/>
        <result property="updateTime" column="update_time"/>
    </resultMap>
    <!-- 用于select查询公用抽取的列 -->
    <sql id="EmailSendRecordColumns">
        <![CDATA[
		id,app_name,biz,template_code,message_id,address_from,expire_time_count,expire_time,validate_code,address_to,address_cc,address_bcc,subject,content,attachments,status,retry_count,create_time,update_time
	    ]]>
    </sql>
    <!--sql where查询条件定义-->
    <sql id="listEmailSendRecordWhere">
        <!-- ognl访问静态方法的表达式 为@class@method(args),以下为调用rapid中的Ognl.isNotEmpty()方法,还有其它方法如isNotBlank()可以使用，具体请查看Ognl类 -->
        <where>
            <if test="id!=null">
                AND id = #{id}
            </if>
            <if test="appName!=null">
                AND app_name = #{appName}
            </if>
            <if test="biz!=null">
                AND biz = #{biz}
            </if>
            <if test="messageId!=null">
                AND message_id = #{messageId}
            </if>
            <if test="addressFrom!=null">
                AND address_from = #{addressFrom}
            </if>
            <if test="addressTo!=null">
                AND address_to = #{addressTo}
            </if>
            <if test="addressCc!=null">
                AND address_cc = #{addressCc}
            </if>
            <if test="addressBcc!=null">
                AND address_bcc = #{addressBcc}
            </if>
            <if test="subject!=null">
                AND subject = #{subject}
            </if>
            <if test="content!=null">
                AND content = #{content}
            </if>
            <if test="attachments!=null">
                AND attachments = #{attachments}
            </if>
            <if test="status!=null">
                AND status = #{status}
            </if>
            <if test="retryCount!=null">
                AND retry_count = #{retryCount}
            </if>
            <if test="createTime!=null">
                AND create_time = #{createTime}
            </if>
            <if test="updateTime!=null">
                AND update_time = #{updateTime}
            </if>
        </where>
    </sql>
    <!--sql limit查询条件定义-->
    <sql id="limit">
        <if test="_offset != null and _limit != null">
            limit #{_offset}, #{_limit}
        </if>
        <if test="_offset == null and _limit != null">
            limit #{_limit}
        </if>
        <if test="_offset == null and _limit == null">
            <include refid="max_limit"/>
        </if>
    </sql>

    <sql id="max_limit">
        limit 500
    </sql>

    <sql id="orderby">
        <choose>
            <when test='_orderby != null'>
                order by
                <foreach collection="_orderby" item="item" index="index" separator=",">
                    ${item}
                </foreach>
            </when>
            <otherwise>
                <include refid="orderById"/>
            </otherwise>
        </choose>
    </sql>

    <sql id="orderById">
        order by create_time desc
    </sql>

    <!-- useGeneratedKeys="true" keyProperty="xxx" for sqlserver and mysql -->
    <insert id="insert" useGeneratedKeys="true" keyProperty="id">
        INSERT INTO email_send_record
        <trim prefix="(" suffix=")" suffixOverrides=",">
            <if test="id!=null">
                id,
            </if>
            <if test="appName!=null">
                app_name,
            </if>
            <if test="biz!=null">
                biz,
            </if>
            <if test="messageId!=null">
                message_id,
            </if>
            <if test="addressFrom!=null">
                address_from,
            </if>
            <if test="addressTo!=null">
                address_to,
            </if>
            <if test="addressCc!=null">
                address_cc,
            </if>
            <if test="addressBcc!=null">
                address_bcc,
            </if>
            <if test="subject!=null">
                subject,
            </if>
            <if test="content!=null">
                content,
            </if>
            <if test="attachments!=null">
                attachments,
            </if>
            <if test="expireTimeCount!=null">
                expire_time_count,
            </if>
            <if test="templateCode!=null">
                template_code,
            </if>
            <if test="status!=null">
                status,
            </if>
            <if test="retryCount!=null">
                retry_count,
            </if>
            <if test="createTime!=null">
                create_time,
            </if>
            <if test="updateTime!=null">
                update_time,
            </if>
        </trim>
        <trim prefix="values (" suffix=")" suffixOverrides=",">
            <if test="id!=null">
                #{id,jdbcType=BIGINT},
            </if>
            <if test="appName!=null">
                #{appName,jdbcType=VARCHAR},
            </if>
            <if test="biz!=null">
                #{biz,jdbcType=VARCHAR},
            </if>
            <if test="messageId!=null">
                #{messageId,jdbcType=VARCHAR},
            </if>
            <if test="addressFrom!=null">
                #{addressFrom,jdbcType=VARCHAR},
            </if>
            <if test="addressTo!=null">
                #{addressTo,jdbcType=VARCHAR},
            </if>
            <if test="addressCc!=null">
                #{addressCc,jdbcType=VARCHAR},
            </if>
            <if test="addressBcc!=null">
                #{addressBcc,jdbcType=VARCHAR},
            </if>
            <if test="subject!=null">
                #{subject,jdbcType=VARCHAR},
            </if>
            <if test="content!=null">
                #{content,jdbcType=LONGVARCHAR},
            </if>
            <if test="attachments!=null">
                #{attachments,jdbcType=VARCHAR},
            </if>
            <if test="expireTimeCount!=null">
                #{expireTimeCount,jdbcType=BIGINT},
            </if>
            <if test="templateCode!=null">
                #{templateCode,jdbcType=INTEGER},
            </if>
            <if test="status!=null">
                #{status,jdbcType=VARCHAR},
            </if>
            <if test="retryCount!=null">
                #{retryCount,jdbcType=INTEGER},
            </if>
            <if test="createTime!=null">
                #{createTime,jdbcType=TIMESTAMP},
            </if>
            <if test="updateTime!=null">
                #{updateTime,jdbcType=TIMESTAMP}
            </if>
        </trim>
    </insert>

    <update id="update">
        UPDATE email_send_record SET
        <trim suffixOverrides=",">
            <if test="appName!=null">
                app_name = #{appName,jdbcType=VARCHAR} ,
            </if>
            <if test="biz!=null">
                biz = #{biz,jdbcType=VARCHAR} ,
            </if>
            <if test="messageId!=null">
                message_id = #{messageId,jdbcType=VARCHAR} ,
            </if>
            <if test="addressFrom!=null">
                address_from = #{addressFrom,jdbcType=VARCHAR} ,
            </if>
            <if test="addressTo!=null">
                address_to = #{addressTo,jdbcType=VARCHAR} ,
            </if>
            <if test="addressCc!=null">
                address_cc = #{addressCc,jdbcType=VARCHAR} ,
            </if>
            <if test="addressBcc!=null">
                address_bcc = #{addressBcc,jdbcType=VARCHAR} ,
            </if>
            <if test="subject!=null">
                subject = #{subject,jdbcType=VARCHAR} ,
            </if>
            <if test="content!=null">
                content = #{content,jdbcType=LONGVARCHAR} ,
            </if>
            <if test="attachments!=null">
                attachments = #{attachments,jdbcType=VARCHAR} ,
            </if>
            <if test="validateCode!=null">
                validate_code = #{validateCode,jdbcType=VARCHAR} ,
            </if>
            <if test="status!=null">
                status = #{status,jdbcType=VARCHAR} ,
            </if>
            <if test="retryCount!=null">
                retry_count = #{retryCount,jdbcType=INTEGER} ,
            </if>
            <if test="expireTime!=null">
                expire_time = #{expireTime,jdbcType=TIMESTAMP} ,
            </if>
            <if test="createTime!=null">
                create_time = #{createTime,jdbcType=TIMESTAMP} ,
            </if>
            <if test="updateTime!=null">
                update_time = #{updateTime,jdbcType=TIMESTAMP} ,
            </if>
        </trim>
        WHERE
        id = #{id}
    </update>

    <!--逻辑删除记录-->
    <delete id="delete">
        UPDATE email_send_record SET delete_flag = 1
        <include refid="listEmailSendRecordWhere"/>
    </delete>

    <!--
    	分页查询已经使用Dialect进行分页,也可以不使用Dialect直接编写分页
    	因为分页查询将传 offset,pageSize,lastRows 三个参数,不同的数据库可以根于此三个参数属性应用不同的分页实现
    -->

    <!--全量查询-->
    <select id="list" resultMap="emailSendRecordResultMap">
        SELECT
        <include refid="EmailSendRecordColumns"/>
        FROM email_send_record
        <include refid="listEmailSendRecordWhere"/>
    </select>

    <!--该方法适用于，获取的数据条数小于等于1 如有特殊需要自己实现-->
    <select id="getDetailById" resultMap="emailSendRecordResultMap">
        SELECT
        <include refid="EmailSendRecordColumns"/>
        FROM email_send_record
        where id = #{id}
    </select>
    <!--该方法适用于，获取的数据条数小于等于1 如有特殊需要自己实现-->
    <select id="listForSendEmailJob" resultMap="emailSendRecordResultMap">
        SELECT
        <include refid="EmailSendRecordColumns"/>
        FROM email_send_record
        <![CDATA[
			where status in ('waited','sending')
			and retry_count < 3
		 ]]>
    </select>

    <!--该方法适用于，获取的数据条数小于等于1 如有特殊需要自己实现-->
    <select id="getNewestRecord" resultMap="emailSendRecordResultMap">
        SELECT
        <include refid="EmailSendRecordColumns"/>
        FROM email_send_record
        where app_name = #{appName}
        and biz = #{biz}
        and template_code = #{templateCode}
        and address_to = #{email}
        and status = 'success'
        order by create_time desc
        limit 1
    </select>
</mapper>

