<?xml version="1.0" encoding="UTF-8" ?>
<!DOCTYPE mapper PUBLIC "-//ibatis.apache.org//DTD Mapper 3.0//EN"
        "http://mybatis.org/dtd/mybatis-3-mapper.dtd">
<!-- 不使用namespace的话sql搜索定位会比较方便 -->
<mapper namespace="com.gm.anepoch.digitalbird.service.dao.ossroutconfig.OssRouteConfigMapper">
    <resultMap id="ossRouteConfigResultMap" type="com.gm.anepoch.digitalbird.commons.model.OssRouteConfig">
        <result property="id" column="id"/>
        <result property="bizType" column="biz_type"/>
        <result property="bucketName" column="bucket_name"/>
        <result property="resourcePath" column="resource_path"/>
        <result property="remark" column="remark"/>
        <result property="limitRule" column="limit_rule"/>
        <result property="createTime" column="create_time"/>
        <result property="updateTime" column="update_time"/>
        <result property="createUser" column="create_user"/>
        <result property="updateUser" column="update_user"/>
    </resultMap>
    <!-- 用于select查询公用抽取的列 -->
    <sql id="OssRouteConfigColumns">
        <![CDATA[
            id,biz_type,bucket_name,resource_path,remark,limit_rule,create_time,update_time,create_user,update_user
	    ]]>
    </sql>

    <!--全量查询-->
    <select id="getAllList" resultMap="ossRouteConfigResultMap">
        SELECT
        <include refid="OssRouteConfigColumns"/>
        FROM oss_route_config
    </select>


    <!--全量查询-->
    <select id="getInfoByBizType" resultMap="ossRouteConfigResultMap">
        SELECT
        <include refid="OssRouteConfigColumns"/>
        FROM oss_route_config
        where biz_type = #{bizType}

    </select>
</mapper>

