<?xml version="1.0" encoding="UTF-8" ?>
<!DOCTYPE mapper PUBLIC "-//ibatis.apache.org//DTD Mapper 3.0//EN"
        "http://mybatis.org/dtd/mybatis-3-mapper.dtd">
<!-- 不使用namespace的话sql搜索定位会比较方便 -->
<mapper namespace="com.gm.anepoch.digitalbird.service.dao.smssendrecord.SmsSendRecordMapper">
    <resultMap id="smsSendRecordResultMap" type="com.gm.anepoch.digitalbird.commons.model.SmsSendRecord">
        <result property="id" column="id"/>
        <result property="appName" column="app_name"/>
        <result property="biz" column="biz"/>
        <result property="receivePhone" column="receive_phone"/>
        <result property="signName" column="sign_name"/>
        <result property="templateCode" column="template_code"/>
        <result property="templateParams" column="template_params"/>
        <result property="validateCode" column="validate_code"/>
        <result property="expireTime" column="expire_time"/>
        <result property="status" column="status"/>
        <result property="createTime" column="create_time"/>
        <result property="updateTime" column="update_time"/>
    </resultMap>
    <!-- 用于select查询公用抽取的列 -->
    <sql id="SmsSendRecordColumns">
        <![CDATA[
		id,app_name,biz,receive_phone,sign_name,template_code,template_params,validate_code,expire_time,status,create_time,update_time
	    ]]>
    </sql>
    <!--sql where查询条件定义-->
    <sql id="listSmsSendRecordWhere">
        <!-- ognl访问静态方法的表达式 为@class@method(args),以下为调用rapid中的Ognl.isNotEmpty()方法,还有其它方法如isNotBlank()可以使用，具体请查看Ognl类 -->
        <where>
            <if test="id!=null">
                AND id = #{id}
            </if>
            <if test="appName!=null">
                AND app_name = #{appName}
            </if>
            <if test="biz!=null">
                AND biz = #{biz}
            </if>
            <if test="receivePhone!=null">
                AND receive_phone = #{receivePhone}
            </if>
            <if test="signName!=null">
                AND sign_name = #{signName}
            </if>
            <if test="templateCode!=null">
                AND template_code = #{templateCode}
            </if>
            <if test="templateParams!=null">
                AND template_params = #{templateParams}
            </if>
            <if test="validateCode!=null">
                AND validate_code = #{validateCode}
            </if>
            <if test="expireTime!=null">
                AND expire_time = #{expireTime}
            </if>
            <if test="status!=null">
                AND status = #{status}
            </if>
            <if test="createTime!=null">
                AND create_time = #{createTime}
            </if>
            <if test="updateTime!=null">
                AND update_time = #{updateTime}
            </if>
        </where>
    </sql>
    <!--sql limit查询条件定义-->
    <sql id="limit">
        <if test="_offset != null and _limit != null">
            limit #{_offset}, #{_limit}
        </if>
        <if test="_offset == null and _limit != null">
            limit #{_limit}
        </if>
        <if test="_offset == null and _limit == null">
            <include refid="max_limit"/>
        </if>
    </sql>

    <sql id="max_limit">
        limit 500
    </sql>

    <sql id="orderby">
        <choose>
            <when test='_orderby != null'>
                order by
                <foreach collection="_orderby" item="item" index="index" separator=",">
                    ${item}
                </foreach>
            </when>
            <otherwise>
                <include refid="orderById"/>
            </otherwise>
        </choose>
    </sql>

    <sql id="orderById">
        order by create_time desc
    </sql>

    <!-- useGeneratedKeys="true" keyProperty="xxx" for sqlserver and mysql -->
    <insert id="insert" useGeneratedKeys="true" keyProperty="id">
        INSERT INTO sms_send_record
        <trim prefix="(" suffix=")" suffixOverrides=",">
            <if test="id!=null">
                id,
            </if>
            <if test="appName!=null">
                app_name,
            </if>
            <if test="biz!=null">
                biz,
            </if>
            <if test="receivePhone!=null">
                receive_phone,
            </if>
            <if test="signName!=null">
                sign_name,
            </if>
            <if test="templateCode!=null">
                template_code,
            </if>
            <if test="templateParams!=null">
                template_params,
            </if>
            <if test="validateCode!=null">
                validate_code,
            </if>
            <if test="expireTime!=null">
                expire_time,
            </if>
            <if test="status!=null">
                status,
            </if>
            <if test="createTime!=null">
                create_time,
            </if>
            <if test="updateTime!=null">
                update_time,
            </if>
        </trim>
        <trim prefix="values (" suffix=")" suffixOverrides=",">
            <if test="id!=null">
                #{id,jdbcType=BIGINT},
            </if>
            <if test="appName!=null">
                #{appName,jdbcType=VARCHAR},
            </if>
            <if test="biz!=null">
                #{biz,jdbcType=VARCHAR},
            </if>
            <if test="receivePhone!=null">
                #{receivePhone,jdbcType=VARCHAR},
            </if>
            <if test="signName!=null">
                #{signName,jdbcType=VARCHAR},
            </if>
            <if test="templateCode!=null">
                #{templateCode,jdbcType=VARCHAR},
            </if>
            <if test="templateParams!=null">
                #{templateParams,jdbcType=VARCHAR},
            </if>
            <if test="validateCode!=null">
                #{validateCode,jdbcType=VARCHAR},
            </if>
            <if test="expireTime!=null">
                #{expireTime,jdbcType=TIMESTAMP},
            </if>
            <if test="status!=null">
                #{status,jdbcType=VARCHAR},
            </if>
            <if test="createTime!=null">
                #{createTime,jdbcType=TIMESTAMP},
            </if>
            <if test="updateTime!=null">
                #{updateTime,jdbcType=TIMESTAMP}
            </if>
        </trim>
    </insert>

    <update id="update">
        UPDATE sms_send_record SET
        <trim suffixOverrides=",">
            <if test="appName!=null">
                app_name = #{appName,jdbcType=VARCHAR} ,
            </if>
            <if test="biz!=null">
                biz = #{biz,jdbcType=VARCHAR} ,
            </if>
            <if test="receivePhone!=null">
                receive_phone = #{receivePhone,jdbcType=VARCHAR} ,
            </if>
            <if test="signName!=null">
                sign_name = #{signName,jdbcType=VARCHAR} ,
            </if>
            <if test="templateCode!=null">
                template_code = #{templateCode,jdbcType=VARCHAR} ,
            </if>
            <if test="templateParams!=null">
                template_params = #{templateParams,jdbcType=VARCHAR} ,
            </if>
            <if test="validateCode!=null">
                validate_code = #{validateCode,jdbcType=VARCHAR} ,
            </if>
            <if test="expireTime!=null">
                expire_time = #{expireTime,jdbcType=TIMESTAMP} ,
            </if>
            <if test="status!=null">
                status = #{status,jdbcType=VARCHAR} ,
            </if>
            <if test="createTime!=null">
                create_time = #{createTime,jdbcType=TIMESTAMP} ,
            </if>
            <if test="updateTime!=null">
                update_time = #{updateTime,jdbcType=TIMESTAMP} ,
            </if>
        </trim>
        WHERE
        id = #{id}
    </update>

    <!--逻辑删除记录-->
    <delete id="delete">
        UPDATE sms_send_record SET delete_flag = 1
        <include refid="listSmsSendRecordWhere"/>
    </delete>

    <!--
    	分页查询已经使用Dialect进行分页,也可以不使用Dialect直接编写分页
    	因为分页查询将传 offset,pageSize,lastRows 三个参数,不同的数据库可以根于此三个参数属性应用不同的分页实现
    -->

    <!--全量查询-->
    <select id="list" resultMap="smsSendRecordResultMap">
        SELECT
        <include refid="SmsSendRecordColumns"/>
        FROM sms_send_record
        <include refid="listSmsSendRecordWhere"/>
    </select>

    <!--该方法适用于，获取的数据条数小于等于1 如有特殊需要自己实现-->
    <select id="getDetailById" resultMap="smsSendRecordResultMap">
        SELECT
        <include refid="SmsSendRecordColumns"/>
        FROM sms_send_record
        where id = #{id}
    </select>

    <!--该方法适用于，获取的数据条数小于等于1 如有特殊需要自己实现-->
    <select id="getNewestRecord" resultMap="smsSendRecordResultMap">
        SELECT
        <include refid="SmsSendRecordColumns"/>
        FROM sms_send_record
        where app_name = #{appName}
        and biz = #{biz}
        and template_code = #{templateCode}
        and receive_phone = #{phone}
        and status = 'success'
        order by create_time desc
        limit 1
    </select>


</mapper>

