<?xml version="1.0" encoding="UTF-8" ?>
<!DOCTYPE mapper PUBLIC "-//ibatis.apache.org//DTD Mapper 3.0//EN"
        "http://mybatis.org/dtd/mybatis-3-mapper.dtd">


<!-- 不使用namespace的话sql搜索定位会比较方便 -->
<mapper namespace="com.gm.anepoch.digitalbird.service.dao.smstemplateinfo.SmsTemplateInfoMapper">
    <resultMap id="smsTemplateInfoResultMap" type="com.gm.anepoch.digitalbird.commons.model.SmsTemplateInfo">
        <result property="id" column="id"/>
        <result property="code" column="code"/>
        <result property="aliyunSignName" column="aliyun_sign_name"/>
        <result property="aliyunTemplateCode" column="aliyun_template_code"/>
        <result property="expireTimeCount" column="expire_time_count"/>
        <result property="createTime" column="create_time"/>
        <result property="updateTime" column="update_time"/>
    </resultMap>
    <!-- 用于select查询公用抽取的列 -->
    <sql id="SmsTemplateInfoColumns">
        <![CDATA[
		id,code,aliyun_sign_name,aliyun_template_code,expire_time_count,create_time,update_time
	    ]]>
    </sql>
    <!--sql where查询条件定义-->
    <sql id="listSmsTemplateInfoWhere">
        <!-- ognl访问静态方法的表达式 为@class@method(args),以下为调用rapid中的Ognl.isNotEmpty()方法,还有其它方法如isNotBlank()可以使用，具体请查看Ognl类 -->
        <where>
            <if test="id!=null">
                AND id = #{id}
            </if>
            <if test="code!=null">
                AND code = #{code}
            </if>
            <if test="aliyunSignName!=null">
                AND aliyun_sign_name = #{aliyunSignName}
            </if>
            <if test="aliyunTemplateCode!=null">
                AND aliyun_template_code = #{aliyunTemplateCode}
            </if>
            <if test="createTime!=null">
                AND create_time = #{createTime}
            </if>
            <if test="updateTime!=null">
                AND update_time = #{updateTime}
            </if>
        </where>
    </sql>
    <!--sql limit查询条件定义-->
    <sql id="limit">
        <if test="_offset != null and _limit != null">
            limit #{_offset}, #{_limit}
        </if>
        <if test="_offset == null and _limit != null">
            limit #{_limit}
        </if>
        <if test="_offset == null and _limit == null">
            <include refid="max_limit"/>
        </if>
    </sql>

    <sql id="max_limit">
        limit 500
    </sql>

    <sql id="orderby">
        <choose>
            <when test='_orderby != null'>
                order by
                <foreach collection="_orderby" item="item" index="index" separator=",">
                    ${item}
                </foreach>
            </when>
            <otherwise>
                <include refid="orderById"/>
            </otherwise>
        </choose>
    </sql>

    <sql id="orderById">
        order by create_time desc
    </sql>

    <!-- useGeneratedKeys="true" keyProperty="xxx" for sqlserver and mysql -->
    <insert id="insert" useGeneratedKeys="true" keyProperty="id">
        INSERT INTO sms_template_info
        <trim prefix="(" suffix=")" suffixOverrides=",">
            <if test="id!=null">
                id,
            </if>
            <if test="code!=null">
                code,
            </if>
            <if test="aliyunSignName!=null">
                aliyun_sign_name,
            </if>
            <if test="aliyunTemplateCode!=null">
                aliyun_template_code,
            </if>
            <if test="expireTimeCount!=null">
                expire_time_count,
            </if>
            <if test="createTime!=null">
                create_time,
            </if>
            <if test="updateTime!=null">
                update_time,
            </if>
        </trim>
        <trim prefix="values (" suffix=")" suffixOverrides=",">
            <if test="id!=null">
                #{id,jdbcType=BIGINT},
            </if>
            <if test="code!=null">
                #{code,jdbcType=VARCHAR},
            </if>
            <if test="aliyunSignName!=null">
                #{aliyunSignName,jdbcType=VARCHAR},
            </if>
            <if test="aliyunTemplateCode!=null">
                #{aliyunTemplateCode,jdbcType=VARCHAR},
            </if>
            <if test="expireTimeCount!=null">
                #{expireTimeCount,jdbcType=INTEGER},
            </if>
            <if test="createTime!=null">
                #{createTime,jdbcType=TIMESTAMP},
            </if>
            <if test="updateTime!=null">
                #{updateTime,jdbcType=TIMESTAMP}
            </if>
        </trim>
    </insert>

    <update id="update">
        UPDATE sms_template_info SET
        <trim suffixOverrides=",">
            <if test="code!=null">
                code = #{code,jdbcType=VARCHAR} ,
            </if>
            <if test="aliyunSignName!=null">
                aliyun_sign_name = #{aliyunSignName,jdbcType=VARCHAR} ,
            </if>
            <if test="aliyunTemplateCode!=null">
                aliyun_template_code = #{aliyunTemplateCode,jdbcType=VARCHAR} ,
            </if>
            <if test="expireTimeCount!=null">
                expire_time_count = #{expireTimeCount,jdbcType=INTEGER} ,
            </if>
            <if test="createTime!=null">
                create_time = #{createTime,jdbcType=TIMESTAMP} ,
            </if>
            <if test="updateTime!=null">
                update_time = #{updateTime,jdbcType=TIMESTAMP} ,
            </if>
        </trim>
        WHERE
        id = #{id}
    </update>

    <!--逻辑删除记录-->
    <delete id="delete">
        UPDATE sms_template_info SET delete_flag = 1
        <include refid="listSmsTemplateInfoWhere"/>
    </delete>

    <!--
    	分页查询已经使用Dialect进行分页,也可以不使用Dialect直接编写分页
    	因为分页查询将传 offset,pageSize,lastRows 三个参数,不同的数据库可以根于此三个参数属性应用不同的分页实现
    -->

    <!--全量查询-->
    <select id="list" resultMap="smsTemplateInfoResultMap">
        SELECT
        <include refid="SmsTemplateInfoColumns"/>
        FROM sms_template_info
        <include refid="listSmsTemplateInfoWhere"/>
    </select>

    <!--该方法适用于，获取的数据条数小于等于1 如有特殊需要自己实现-->
    <select id="getDetailById" resultMap="smsTemplateInfoResultMap">
        SELECT
        <include refid="SmsTemplateInfoColumns"/>
        FROM sms_template_info
        where id = #{id}
    </select>
    <!--该方法适用于，获取的数据条数小于等于1 如有特殊需要自己实现-->
    <select id="getDetailByCode" resultMap="smsTemplateInfoResultMap">
        SELECT
        <include refid="SmsTemplateInfoColumns"/>
        FROM sms_template_info
        where code = #{templateCode}
    </select>
</mapper>

