<?xml version="1.0" encoding="UTF-8" ?>
<!DOCTYPE mapper PUBLIC "-//ibatis.apache.org//DTD Mapper 3.0//EN"
        "http://mybatis.org/dtd/mybatis-3-mapper.dtd">
<!-- 不使用namespace的话sql搜索定位会比较方便 -->
<mapper namespace="com.gm.anepoch.digitalbird.service.dao.waterconfig.WaterConfigMapper">
    <resultMap id="waterConfigResultMap" type="com.gm.anepoch.digitalbird.commons.model.WaterConfig">
        <result property="id" column="id"/>
        <result property="bizType" column="biz_type"/>
        <result property="bizNo" column="biz_no"/>
        <result property="rangeLeft" column="range_left"/>
        <result property="rangeRight" column="range_right"/>
        <result property="rangeIndex" column="range_index"/>
        <result property="onlineTime" column="online_time"/>
        <result property="createTime" column="create_time"/>
        <result property="updateTime" column="update_time"/>
    </resultMap>
    <!-- 用于select查询公用抽取的列 -->
    <sql id="WaterConfigColumns">
        <![CDATA[
		id,biz_type,biz_no,range_left,range_right,range_index,online_time,create_time,update_time
	    ]]>
    </sql>
    <!--sql where查询条件定义-->
    <sql id="listWaterConfigWhere">
        <!-- ognl访问静态方法的表达式 为@class@method(args),以下为调用rapid中的Ognl.isNotEmpty()方法,还有其它方法如isNotBlank()可以使用，具体请查看Ognl类 -->
        <where>
            <if test="id!=null">
                AND id = #{id}
            </if>
            <if test="bizType!=null">
                AND biz_type = #{bizType}
            </if>
            <if test="bizNo!=null">
                AND biz_no = #{bizNo}
            </if>
            <if test="rangeLeft!=null">
                AND range_left = #{rangeLeft}
            </if>
            <if test="rangeRight!=null">
                AND range_right = #{rangeRight}
            </if>
            <if test="rangeIndex!=null">
                AND range_index = #{rangeIndex}
            </if>
            <if test="createTime!=null">
                AND create_time = #{createTime}
            </if>
            <if test="updateTime!=null">
                AND update_time = #{updateTime}
            </if>
        </where>
    </sql>
    <!--sql limit查询条件定义-->
    <sql id="limit">
        <if test="_offset != null and _limit != null">
            limit #{_offset}, #{_limit}
        </if>
        <if test="_offset == null and _limit != null">
            limit #{_limit}
        </if>
        <if test="_offset == null and _limit == null">
            <include refid="max_limit"/>
        </if>
    </sql>

    <sql id="max_limit">
        limit 500
    </sql>

    <sql id="orderby">
        <choose>
            <when test='_orderby != null'>
                order by
                <foreach collection="_orderby" item="item" index="index" separator=",">
                    ${item}
                </foreach>
            </when>
            <otherwise>
                <include refid="orderById"/>
            </otherwise>
        </choose>
    </sql>

    <sql id="orderById">
        order by create_time desc
    </sql>

    <!-- useGeneratedKeys="true" keyProperty="xxx" for sqlserver and mysql -->
    <insert id="insert" useGeneratedKeys="true" keyProperty="id">
        INSERT INTO water_config
        <trim prefix="(" suffix=")" suffixOverrides=",">
            <if test="id!=null">
                id,
            </if>
            <if test="bizType!=null">
                biz_type,
            </if>
            <if test="bizNo!=null">
                biz_no,
            </if>
            <if test="rangeLeft!=null">
                range_left,
            </if>
            <if test="rangeRight!=null">
                range_right,
            </if>
            <if test="createTime!=null">
                create_time,
            </if>
            <if test="updateTime!=null">
                update_time,
            </if>
        </trim>
        <trim prefix="values (" suffix=")" suffixOverrides=",">
            <if test="id!=null">
                #{id,jdbcType=BIGINT},
            </if>
            <if test="bizType!=null">
                #{bizType,jdbcType=VARCHAR},
            </if>
            <if test="bizNo!=null">
                #{bizNo,jdbcType=VARCHAR},
            </if>
            <if test="rangeLeft!=null">
                #{rangeLeft,jdbcType=BIGINT},
            </if>
            <if test="rangeRight!=null">
                #{rangeRight,jdbcType=BIGINT},
            </if>
            <if test="createTime!=null">
                #{createTime,jdbcType=TIMESTAMP},
            </if>
            <if test="updateTime!=null">
                #{updateTime,jdbcType=TIMESTAMP}
            </if>
        </trim>
    </insert>

    <update id="update">
        UPDATE water_config SET
        <trim suffixOverrides=",">
            <if test="bizType!=null">
                biz_type = #{bizType,jdbcType=VARCHAR} ,
            </if>
            <if test="bizNo!=null">
                biz_no = #{bizNo,jdbcType=VARCHAR} ,
            </if>
            <if test="rangeLeft!=null">
                range_left = #{rangeLeft,jdbcType=BIGINT} ,
            </if>
            <if test="rangeRight!=null">
                range_right = #{rangeRight,jdbcType=BIGINT} ,
            </if>
            <if test="rangeIndex!=null">
                range_index = #{rangeIndex,jdbcType=BIGINT} ,
            </if>
            <if test="createTime!=null">
                create_time = #{createTime,jdbcType=TIMESTAMP} ,
            </if>
            <if test="updateTime!=null">
                update_time = #{updateTime,jdbcType=TIMESTAMP} ,
            </if>
        </trim>
        WHERE
        id = #{id}
    </update>

    <!--逻辑删除记录-->
    <delete id="delete">
        UPDATE water_config SET delete_flag = 1
        <include refid="listWaterConfigWhere"/>
    </delete>

    <!--
    	分页查询已经使用Dialect进行分页,也可以不使用Dialect直接编写分页
    	因为分页查询将传 offset,pageSize,lastRows 三个参数,不同的数据库可以根于此三个参数属性应用不同的分页实现
    -->

    <!--全量查询-->
    <select id="list" resultMap="waterConfigResultMap">
        SELECT
        <include refid="WaterConfigColumns"/>
        FROM water_config
        <include refid="listWaterConfigWhere"/>
    </select>

    <!--该方法适用于，获取的数据条数小于等于1 如有特殊需要自己实现-->
    <select id="getDetailById" resultMap="waterConfigResultMap">
        SELECT
        <include refid="WaterConfigColumns"/>
        FROM water_config
        where id = #{id}
    </select>
</mapper>

