<?xml version="1.0" encoding="UTF-8" ?>
<!DOCTYPE mapper PUBLIC "-//ibatis.apache.org//DTD Mapper 3.0//EN"
		"http://mybatis.org/dtd/mybatis-3-mapper.dtd">

<!-- 不使用namespace的话sql搜索定位会比较方便 -->
<mapper namespace="com.gm.anepoch.code.service.mapper.AutoDbInfoMapper">
	<resultMap id="magicInfoResultMap" type="com.gm.anepoch.code.commons.model.AutoDbInfo">
		<result property="id" column="id"/>
        <result property="dbUrl" column="db_url"/>
        <result property="dbDriver" column="db_driver"/>
        <result property="dbUserName" column="db_user_name"/>
        <result property="dbPassWord" column="db_pass_word"/>
        <result property="dbSchema" column="db_schema"/>
        <result property="dbName" column="db_name"/>
	</resultMap>
	
	<!-- 用于select查询公用抽取的列 -->
	<sql id="MagicInfoColumns">
	    <![CDATA[
		id,db_url,db_driver,db_user_name,db_pass_word,db_schema,db_name
	    ]]>
	</sql>

	<!-- useGeneratedKeys="true" keyProperty="xxx" for sqlserver and mysql -->
	<insert id="insert" useGeneratedKeys="true" keyProperty="id">
    <![CDATA[
        INSERT INTO magic_info (
        	db_url ,
        	db_driver ,
        	db_user_name ,
        	db_pass_word ,
        	db_schema ,
        	db_name 
        ) VALUES (
        	#{dbUrl,jdbcType=VARCHAR},
        	#{dbDriver,jdbcType=VARCHAR},
        	#{dbUserName,jdbcType=VARCHAR},
        	#{dbPassWord,jdbcType=VARCHAR},
        	#{dbSchema,jdbcType=VARCHAR},
        	#{dbName,jdbcType=VARCHAR}
        )
    ]]>
		<!--
			oracle: order="BEFORE" SELECT sequenceName.nextval AS ID FROM DUAL
			DB2: order="BEFORE"" values nextval for sequenceName
		<selectKey resultType="java.lang.Long" order="BEFORE" keyProperty="userId">
			SELECT sequenceName.nextval AS ID FROM DUAL
        </selectKey>
		-->
	</insert>
    
	<update id="update" >
        UPDATE magic_info SET
	        <if test="dbUrl!=null">
	        db_url = #{dbUrl,jdbcType=VARCHAR} ,
	        </if>
	        <if test="dbDriver!=null">
	        db_driver = #{dbDriver,jdbcType=VARCHAR} ,
	        </if>
	        <if test="dbUserName!=null">
	        db_user_name = #{dbUserName,jdbcType=VARCHAR} ,
	        </if>
	        <if test="dbPassWord!=null">
	        db_pass_word = #{dbPassWord,jdbcType=VARCHAR} ,
	        </if>
	        <if test="dbSchema!=null">
	        db_schema = #{dbSchema,jdbcType=VARCHAR} ,
	        </if>
			<if test="dbName!=null">
				db_name = #{dbName,jdbcType=VARCHAR},
			</if>
        WHERE
	        id = #{id}
	</update>

    <delete id="delete">
    <![CDATA[
        DELETE FROM magic_info WHERE
        id = #{id}
    ]]>
    </delete>
    
    <select id="selectByPk" resultMap="magicInfoResultMap">
		SELECT <include refid="MagicInfoColumns" />
	    <![CDATA[
		    FROM magic_info
	        WHERE 
		        id = #{id}
	    ]]>
	</select>
	
	<sql id="listMagicInfoWhere">
		<!-- ognl访问静态方法的表达式 为@class@method(args),以下为调用rapid中的Ognl.isNotEmpty()方法,还有其它方法如isNotBlank()可以使用，具体请查看Ognl类 -->
		<where>      				
	       	<if test="id!=null">
				AND id = #{id}
			</if>
	       	<if test="dbUrl!=null and dbUrl!=''">
				AND db_url = #{dbUrl}
			</if>
	       	<if test="dbDriver!=null and dbDriver!=''">
				AND db_driver = #{dbDriver}
			</if>
	       	<if test="dbUserName!=null and dbUserName!=''">
				AND db_user_name = #{dbUserName}
			</if>
	       	<if test="dbPassWord!=null and dbPassWord!=''">
				AND db_pass_word = #{dbPassWord}
			</if>
	       	<if test="dbSchema!=null and dbSchema!=''">
				AND db_schema = #{dbSchema}
			</if>
	       	<if test="dbName!=null and dbName!=''">
				AND db_name = #{dbName}
			</if>
		</where>
	</sql>
		
    <select id="getCountAutoDbInfo" resultType="int">
        SELECT count(*) FROM magic_info
		<include refid="listMagicInfoWhere"/>
    </select>
    
    <!--
    	分页查询已经使用Dialect进行分页,也可以不使用Dialect直接编写分页
    	因为分页查询将传 offset,pageSize,lastRows 三个参数,不同的数据库可以根于此三个参数属性应用不同的分页实现
    -->
    <select id="selectList" resultMap="magicInfoResultMap">
    	SELECT <include refid="MagicInfoColumns" />
	    FROM magic_info
		<include refid="listMagicInfoWhere"/>
    </select>

</mapper>

